TCTAGAATGATCGCCGCGACCCAGAT;GAATTCCTATGGTTGGCTTTCGACGT
GGATCCATGTTAGAAGATTGGGTTAT;GAATTCTCACGGTTTCGAGCGTATCG
TCTAGAATGAATGGTTGTTCGGTCGC;GGATCCTCAAAAAACACGGGTCTTAT
TCTAGAATGCGTTGTAGAAAGGGTCG;CTGCAGTCAGGAGAGTATTTTGTGAG
GGATCCATGAAGCTGCGTGGGCGATC;CTGCAGCTAATTGCACTTGATGAGCT
AAGCTTATGCATGCTCTGAACAGATC;GAATTCCTAATCAACCGAGACAATGG
GAATTCATGAGCACTAATGGTATAGG;CTGCAGTCAGACGTCTGACGGCCACA
GGATCCATGATAACCTACGTTCATCG;CTGCAGTCATAGTATCCACCTTGATA
CTGCAGATGCCAGTAGTACATCCCTT;TCTAGACTACACTGCAAACAGTTTAC
CTGCAGATGCTTTGTGTCGATCCGGG;TCTAGATCACGGGGTTAATGCGCTAT
CTCGAGATGGACGAAACTGAAAAGTC;CTGCAGTTAACTCAAGTACAGTCTCC
CTCGAGATGATTGTGCCGCTCCGGGC;GGATCCCTACCTCGTTCCCGAACCCA
GAATTCATGTATTGGGTAAAAAGTCC;AAGCTTTTACAGTTGGCCCAGTGCTG
GAATTCATGTCAGTCCTAAAGGGTCC;TCTAGATCATCTGAGCATTGGGTAAA
GAATTCATGTCTAATCTGATAGACCA;GGATCCTTATTGTTCCACCTCTTCCG
GAATTCATGGATTCTTTTTCCTGTCT;GGATCCTCAACGGGTCGGAAGTACCC
TCTAGAATGGAAGATGTCATATTTAA;GGATCCTTACATATCAGCGTTTCGGG
TCTAGAATGATTACAAAACCCGTACT;AAGCTTTCAATTGCTTTGAGAAGTCG
AAGCTTATGATTCCTGTATGTCGGGT;TCTAGATCACTCAGCCGCCAACATGC
AAGCTTATGTTCTCATCCGGTATACC;TCTAGATTATTCCGCGTGTCGATGGA
GGATCCATGTTATTTCGTCCACTCAG;TCTAGATTAACCGCGGATACGTGCCC
TCTAGAATGGGGAAGCACTGTCAAAG;AAGCTTTCACCTTCGACCTGTTACTT
CTCGAGATGCTAGGCCCAACCAGACC;CTGCAGTTAGCCCCGTCCACGCACTA
AAGCTTATGATACATACTCTACGTAA;GGATCCTCATCGGATTTCTCTAATGG
CTGCAGATGCGTCATATTCTTTTAGA;CTCGAGTCAGCAGCTATGACAGGCCA
GGATCCATGGGGCGACATACTATTGC;CTGCAGTCATGCCGAATGCGTCATGC
GGATCCATGTTCCCCTGCCACGGTTG;CTCGAGTTATATGTCGGCATGGCTGC
GGATCCATGGGGCAGTATAGTTCCGT;CTGCAGCTACATGCAAAGTTGAAATT
GGATCCATGCCAGGGCATAAAGTCAG;TCTAGATCAATACGGGTTGCTGGCGC
CTGCAGATGATTAGCCCCGTTTCTCC;GAATTCCTAGTGAATGCCTACGCGTA
GAATTCATGTCGGTCGTTCAAGTCAC;TCTAGATTAGTGGTACAAGTGGACCC
CTGCAGATGGCGATACAAGTCCGTCC;TCTAGATCACATACCCGTCACAGAAG
AAGCTTATGTACTCCGCGAGGACAAC;GAATTCTCATCTAGGGTTACGGTTCA
CTCGAGATGGTGTGTACAAGTCAGTG;GGATCCTTAAAGTAGCGACTCCTTAC
CTCGAGATGAGTCCAGAGGGTAGACA;AAGCTTTCATGACGGGGGTCCGCTGA
AAGCTTATGATAGTTAAGAACCAGGG;CTCGAGTCAGCCCATACAGCATACAT
AAGCTTATGTCGTCTCCTGCGACAGT;CTGCAGTCATTTCACCCCTGCCAACC
GAATTCATGTTGGTCACAGGACCGAG;CTCGAGCTAACAAATTCGTTTTTTCT
GGATCCATGGGCCGACAGTGCCAATG;CTGCAGTCACCTGCAAACAGGCCATA
CTGCAGATGCGTCTTCACCTTTGCTG;AAGCTTCTAGGGGTGACTCTTCCTAG
GGATCCATGGCGTTGTTGATCCAGCG;TCTAGACTAATATGATAGCATATCGG
GGATCCATGGACCCCGAACGGTCTGC;CTCGAGTCAGTTGTACGCGAACCTCC
CTCGAGATGCAGTATTTTGGATGCAC;AAGCTTTTAGAGCATCCACAGACCGT
AAGCTTATGAAGCACCTGTGGTCGGT;GAATTCTTACCGCCGCACTCGGAACC
GAATTCATGTTGTCGGGATTAGGCAT;AAGCTTTCAATTTCTACAGAGGAATG
GAATTCATGTCGGCAAATTCGCGCCG;CTCGAGTCAACGCAGCCTTAATGTCT
GGATCCATGGGTCTCACGCAGCCAAC;TCTAGATCATGACAGAACTGAATAAC
AAGCTTATGCCGCACCAAGATGAACG;GAATTCTCAAAGTGCAGCGCATAACG
CTGCAGATGACGAACTTACACAGTCC;CTCGAGCTATGGACTACGGTCTTCGA
CTCGAGATGAGCGTTTGCCTCAGCTC;GGATCCTCACGTGACGCGTGAAATTA
CTGCAGATGACGGCATGGCAATATGG;CTCGAGTTAGCAATGATAACCTTTCC
TCTAGAATGGTCCTGACTTTGGCGTG;GGATCCTTACGCGGTTTTCCGTAAAA
CTCGAGATGATCGGGCATAGAGAAAC;GGATCCTCAGAGTAAATACGCGTACT
GGATCCATGGTTAGTAGAGTGACGCT;CTCGAGTCACAATACGGTTAGGACCC
CTCGAGATGAGGACGCCTCAGACAGA;TCTAGACTACGTCTTGGGAACGTTTT
GGATCCATGGTTGAACTTGTAACGTT;AAGCTTTTAACATGTTCCTATGCCTC
CTGCAGATGATAACGATTATCCCTAA;CTCGAGTTAGGATTCGAGACACGAAA
TCTAGAATGATATCCCCGAAGAGTGT;GAATTCTCAATCCCCCCAGCGTGTCT
AAGCTTATGGGGAACTTGAGGAAGAT;CTGCAGCTACCTGAACCCCCCAGCGG
CTCGAGATGCCAGTGAAAACAGGGGA;TCTAGATTAAATACGCAAACATTTGA
GAATTCATGGCCCGAGCTCAATCGAT;TCTAGACTATGACTTTTTGTTACCAG
TCTAGAATGAAGTCTGATGGCCGTAA;AAGCTTTCAGGTGGATAACCAACAGT
TCTAGAATGGGACGAGAAAGTTGCAA;CTGCAGTCATAAACCCAGCCCTTTTA
CTCGAGATGAGGATCTACTGCTGTAC;AAGCTTTCACTGACACGTTCTCTCTT
GAATTCATGCTTTGGTTTCACGGTGA;CTGCAGTCATTCGAGTCTGCGCGTGT
CTCGAGATGCGAAACTTATACGCAAG;GAATTCTTATTCCTCTTCGCTAACTC
AAGCTTATGCCGTGTCGCTTAGGCCC;GGATCCCTAGTATGGCGAGGGTCTTC
CTCGAGATGCGATACATTGTTGATCG;AAGCTTCTACGGCAGCAATTTCCGCC
CTGCAGATGGCGTTGGAGAAGTTCTG;AAGCTTCTATTTTGGGTCCACATGAC
AAGCTTATGCGGGAGGTTCCATCTAA;CTGCAGTCAGCCTATCCCGCGGTCTC
TCTAGAATGAATACGCCGGGTGAGCC;CTCGAGTTAGTGTGCCTGTGCTAGGA
AAGCTTATGGTCACATGGACGCAAAT;GGATCCCTAATTCAAGCGTTTTCCTA
GGATCCATGACGGCCCCGTCTGGTAA;CTCGAGTTATCGCCTGCGTGTACAGA
CTGCAGATGTCCTTCTGGTATGAATT;TCTAGATCAACTACCCGGAATCAAGG
TCTAGAATGCTTCGCGGCTCCGTCCT;GAATTCCTATTCGGTAGGAGACCGTA
GGATCCATGAAAGTACACAGAGGTAC;CTCGAGTTAGGAGTTCGCTCTTCCAC
CTCGAGATGGAAATAACTTCAGCTGC;TCTAGATTATTCCGCGCTGACAATTT
AAGCTTATGGCGCAGGCCCTGGCGCA;GGATCCTCACTCACGCAGAGGGGCGA
TCTAGAATGTTCACCTACCACCATGT;GAATTCTTATAGGCTTTTTAGGGAAG
GGATCCATGGACTTCTGTTCGCGTGG;AAGCTTTCACAGGATGAGCATACAAA
TCTAGAATGGATAATAATCAGGTATG;GAATTCTCATTCACTATTACGAACGC
GAATTCATGCTAGTCATTCCAGGTAG;GGATCCTCATTGACAAAGACGTTCAA
GGATCCATGGGCGCGTCGGATCTCGA;GAATTCCTAGGATAAAGGACAACAAA
CTCGAGATGAGGCTATCTGATGATTC;GAATTCTCAAACATACGGCCAGCGAT
GAATTCATGGCCCCTAAGTTCAGGGA;CTCGAGTCAAAATATAGACTGCAGTA
GAATTCATGTATGCTGGGATAACATT;TCTAGATCAGGATTCGCACATCATCA
AAGCTTATGCAACTGCTTGGTCGAAC;GAATTCCTACAGACGTTCTCGATCAC
AAGCTTATGATGGTGAACGGGCGATC;CTCGAGCTAAAGGTAGAGGAGTAACA
CTGCAGATGCAAAACGAGTGGAAGTG;TCTAGATCAATCATAGAAGTCTGGCT
CTGCAGATGTTAATATATGTACAGAT;GAATTCTTACGTCTTACCGAGGCAGA
GAATTCATGATCAACGACTTTTCCAC;AAGCTTTCACGCTCGTTTCAGTAGAT
AAGCTTATGGGTAACCGCGGGTTCTG;GAATTCTCATGACTGCTGATGCCTCT
GGATCCATGTATGCTGATCGTCTGAT;CTGCAGCTATATGCAGCATGCGTATT
CTGCAGATGGGTGATTTTCAAATAGA;GGATCCTTAAGACGTGACCCTTATAC
GGATCCATGAGTATAACGTCGCGCCC;AAGCTTTTAAAACGGGTCGCGTATAC
TCTAGAATGTGGGTGCATAAGTACTA;AAGCTTCTACTCACTCTGACATCGAA
TCTAGAATGAGCTTTGCCGGGTGGTT;GAATTCCTATGTGAGAAGAGAGTAGC
AAGCTTATGTGTCCAGCGGATTCCCA;GAATTCTCAACTCGGGACTAGCAACA
GGATCCATGTTAATAAGTAAACGATG;AAGCTTCTATGGATCTTTCGGGCATG
AAGCTTATGCGAATATCTGGTAAAGT;CTCGAGTTAGAACATCAAAACGAGTA
